g65196.t1	413e7994428ca929c055ea3747ca6ae5	1269	SignalP_EUK	SignalP-noTM	SignalP-noTM	1	18	-	T	29-05-2026	-	-	-	-
g65196.t1	413e7994428ca929c055ea3747ca6ae5	1269	SignalP_GRAM_POSITIVE	SignalP-TM	SignalP-TM	1	18	-	T	29-05-2026	-	-	-	-
g65196.t2	4bb9b7e1f3ae878b761995b4c0c7c1fd	1131	SignalP_EUK	SignalP-noTM	SignalP-noTM	1	18	-	T	29-05-2026	-	-	-	-
g65196.t2	4bb9b7e1f3ae878b761995b4c0c7c1fd	1131	SignalP_GRAM_POSITIVE	SignalP-TM	SignalP-TM	1	18	-	T	29-05-2026	-	-	-	-
g97156.t1	1dc06ad02944999f05f21bbf27ffeafa	1530	SignalP_GRAM_POSITIVE	SignalP-TM	SignalP-TM	1	23	-	T	29-05-2026	-	-	-	-
g87092.t1	8f178ccb457536783623c4d41c5a6e03	1089	SignalP_GRAM_POSITIVE	SignalP-TM	SignalP-TM	1	31	-	T	29-05-2026	-	-	-	-
g29230.t1	be37c55a5fa6e8db9ca45a6116834c72	1053	SignalP_EUK	SignalP-noTM	SignalP-noTM	1	24	-	T	29-05-2026	-	-	-	-
g29230.t1	be37c55a5fa6e8db9ca45a6116834c72	1053	SignalP_GRAM_POSITIVE	SignalP-TM	SignalP-TM	1	59	-	T	29-05-2026	-	-	-	-
g53184.t1	35b7365cce0ad5c05c629c71db893569	378	SignalP_GRAM_POSITIVE	SignalP-TM	SignalP-TM	1	25	-	T	29-05-2026	-	-	-	-
g53184.t1	35b7365cce0ad5c05c629c71db893569	378	SignalP_GRAM_NEGATIVE	SignalP-noTM	SignalP-noTM	1	25	-	T	29-05-2026	-	-	-	-
g108569.t1	8368f0b712c6b38184e675d5b3b987d3	624	SignalP_EUK	SignalP-noTM	SignalP-noTM	1	43	-	T	29-05-2026	-	-	-	-
g108569.t1	8368f0b712c6b38184e675d5b3b987d3	624	SignalP_GRAM_NEGATIVE	SignalP-noTM	SignalP-noTM	1	43	-	T	29-05-2026	-	-	-	-
g108569.t1	8368f0b712c6b38184e675d5b3b987d3	624	SignalP_GRAM_POSITIVE	SignalP-TM	SignalP-TM	1	29	-	T	29-05-2026	-	-	-	-
g15412.t1	0e664bfdb91186c0a22f4c378d98ba39	759	SignalP_GRAM_POSITIVE	SignalP-TM	SignalP-TM	1	26	-	T	29-05-2026	-	-	-	-
g13461.t1	2a442a8d79830ad9275bcd3d9b4578a6	1143	SignalP_GRAM_NEGATIVE	SignalP-noTM	SignalP-noTM	1	18	-	T	29-05-2026	-	-	-	-
g13461.t1	2a442a8d79830ad9275bcd3d9b4578a6	1143	SignalP_GRAM_POSITIVE	SignalP-TM	SignalP-TM	1	25	-	T	29-05-2026	-	-	-	-
g120146.t1	831f8df08b3ef4e2eaed35b4e9392611	1410	ProSitePatterns	PS01177	Anaphylatoxin domain signature.	1009	1041	-	T	29-05-2026	IPR000020	Anaphylatoxin/fibulin	GO:0005576(InterPro)	Reactome:R-BTA-173736|Reactome:R-BTA-174577|Reactome:R-BTA-198933|Reactome:R-BTA-375276|Reactome:R-BTA-381426|Reactome:R-BTA-418594|Reactome:R-BTA-6798695|Reactome:R-BTA-8957275|Reactome:R-BTA-977606|Reactome:R-CEL-2129379|Reactome:R-HSA-166663|Reactome:R-HSA-166665|Reactome:R-HSA-173736|Reactome:R-HSA-174577|Reactome:R-HSA-198933|Reactome:R-HSA-2129379|Reactome:R-HSA-375276|Reactome:R-HSA-381426|Reactome:R-HSA-418594|Reactome:R-HSA-6798695|Reactome:R-HSA-8957275|Reactome:R-HSA-9660826|Reactome:R-HSA-977606|Reactome:R-MMU-166663|Reactome:R-MMU-166665|Reactome:R-MMU-173736|Reactome:R-MMU-174577|Reactome:R-MMU-198933|Reactome:R-MMU-2129379|Reactome:R-MMU-375276|Reactome:R-MMU-381426|Reactome:R-MMU-418594|Reactome:R-MMU-6798695|Reactome:R-MMU-8957275|Reactome:R-MMU-977606|Reactome:R-RNO-166663|Reactome:R-RNO-166665|Reactome:R-RNO-173736|Reactome:R-RNO-174577|Reactome:R-RNO-198933|Reactome:R-RNO-375276|Reactome:R-RNO-381426|Reactome:R-RNO-418594|Reactome:R-RNO-6798695|Reactome:R-RNO-8957275|Reactome:R-RNO-977606
