Analysis,Dataset,Trait,Chr,Peak marker,Peak R2 (%),Peak delta-DS,Min adj. p,N sig. markers,All3_Sig,Region width (Mb),Effect (days),Wilcoxon p,N samples,Low dosage mean (days),High dosage mean (days)
AllYears,SV,DTFlower,Chr.12,Chr.12_10300977,49.77,1.175,0.0261,5,TRUE,0.031,23.4,0.00612,24,50.6,74
AllYears,SV,DTFruit,Chr.11,Chr.11_42064057,42.74,-0.823,0.0208,1,TRUE,0,29.6,0.00155,37,121.1,150.7
AllYears,SV,DTFlower,Chr.12,Chr.12_11202588,40.78,1.1,0.0123,2,TRUE,0.001,14.1,0.0195,44,56.5,70.6
Method1,SV,DTFlower,Chr.12,Chr.12_11202074,38.79,1.1,0.0226,1,TRUE,0,25.9,0.000101,44,43.4,69.4
AllYears,SV,DTFruit,Chr.11,Chr.11_42285641,36.49,-0.735,0.0499,1,TRUE,0,27.3,0.0493,37,121.8,149.1
AllYears,SV,DTFruit,Chr.11,Chr.11_42243383,35.57,-0.72,0.0456,1,TRUE,0,12,0.2,38,117.4,129.4
AllYears,SV,DTFlower,Chr.12,Chr.12_10026212,34.38,1.112,0.022,3,TRUE,0.002,16.8,0.00279,52,58.5,75.3
AllYears,SV,DTFlower,Chr.12,Chr.12_10026212,34.38,1.112,0.022,3,TRUE,0.002,20,0.00443,52,49.6,69.6
AllYears,SV,DTFlower,Chr.12,Chr.12_9907003,30.98,1.087,0.00401,1,TRUE,0,20.7,0.000146,82,52,72.8
AllYears,SV,DTFlower,Chr.12,Chr.12_9907003,30.98,1.087,0.00401,1,TRUE,0,24.7,0.000495,80,42.5,67.2
Method1,SV,DTFlower,Chr.12,Chr.12_10026212,30.96,1.112,0.0447,3,TRUE,0.002,16.8,0.00279,52,58.5,75.3
Method1,SV,DTFlower,Chr.12,Chr.12_10026212,30.96,1.112,0.0447,3,TRUE,0.002,20,0.00443,52,49.6,69.6
AllYears,SV,DTFlower,Chr.12,Chr.12_10756795,29.86,1.117,0.012,2,TRUE,0.005,17.2,0.00105,78,56.5,73.7
AllYears,SV,DTFlower,Chr.12,Chr.12_10756795,29.86,1.117,0.012,2,TRUE,0.005,18.8,0.00269,77,49.4,68.2
AllYears,PAN,DTFlower,Chr.12,Chr.12_9909756,29.15,1.331,0.0187,30,TRUE,0.101,19.7,0.012,60,53.2,72.9
AllYears,PAN,DTFlower,Chr.12,Chr.12_9909756,29.15,1.331,0.0187,30,TRUE,0.101,23.5,0.0126,59,43.6,67.1
AllYears,SV,DTFlower,Chr.12,Chr.12_10836067,28.79,1.042,0.00701,1,TRUE,0,17.6,0.0057,80,53.1,70.7
AllYears,SV,DTFlower,Chr.12,Chr.12_10836067,28.79,1.042,0.00701,1,TRUE,0,19.5,0.0152,78,45.3,64.8
Method1,SV,DTFlower,Chr.12,Chr.12_9907003,28.71,1.087,0.0119,1,TRUE,0,20.7,0.000146,82,52,72.8
Method1,SV,DTFlower,Chr.12,Chr.12_9907003,28.71,1.087,0.0119,1,TRUE,0,24.7,0.000495,80,42.5,67.2
AllYears,SV,DTFlower,Chr.12,Chr.12_11492086,28.54,1.19,0.0329,3,TRUE,0.007,15,0.0634,25,59.6,74.6
Method1,SV,DTFlower,Chr.12,Chr.12_10756795,28.49,1.117,0.022,2,TRUE,0.005,17.2,0.00105,78,56.5,73.7
Method1,SV,DTFlower,Chr.12,Chr.12_10756795,28.49,1.117,0.022,2,TRUE,0.005,18.8,0.00269,77,49.4,68.2
AllYears,SV,DTFlower,Chr.12,Chr.12_9514014,28.35,1.032,0.0381,1,TRUE,0,25.8,0.0137,53,46.9,72.7
AllYears,SV,DTFlower,Chr.12,Chr.12_10539395,27.65,1.173,0.0106,4,TRUE,0.018,9.2,0.149,21,63.6,72.8
AllYears,SV,DTFlower,Chr.12,Chr.12_10539395,27.65,1.173,0.0106,4,TRUE,0.018,10.6,0.148,21,56,66.6
Method1,PAN,DTFlower,Chr.12,Chr.12_9909756,26.77,1.331,0.0371,30,TRUE,0.101,19.7,0.012,60,53.2,72.9
Method1,PAN,DTFlower,Chr.12,Chr.12_9909756,26.77,1.331,0.0371,30,TRUE,0.101,23.5,0.0126,59,43.6,67.1
AllYears,PAN,DTFlower,Chr.12,Chr.12_9614533,26.7,1.66,0.033,33,TRUE,0.001,16.1,0.00254,57,56,72.2
Method1,SV,DTFlower,Chr.12,Chr.12_10836067,25.7,1.042,0.0216,1,TRUE,0,17.6,0.0057,80,53.1,70.7
Method1,SV,DTFlower,Chr.12,Chr.12_10836067,25.7,1.042,0.0216,1,TRUE,0,19.5,0.0152,78,45.3,64.8
AllYears,SV,DTFlower,Chr.12,Chr.12_10393849,25.54,1.173,0.0108,3,TRUE,0.008,14.5,0.00352,47,60.2,74.8
AllYears,SV,DTFlower,Chr.12,Chr.12_10393849,25.54,1.173,0.0108,3,TRUE,0.008,17.3,0.00308,46,51.6,68.9
AllYears,SV,DTFlower,Chr.12,Chr.12_10169982,25.46,1.125,0.012,2,TRUE,0.002,13.1,0.00795,76,60.2,73.3
Method1,SV,DTFlower,Chr.12,Chr.12_10171673,24.69,1.121,0.022,1,TRUE,0,23.6,0.0073,78,44.8,68.3
Method1,SV,DTFlower,Chr.12,Chr.12_10393849,24.24,1.173,0.0216,3,TRUE,0.008,14.5,0.00352,47,60.2,74.8
Method1,SV,DTFlower,Chr.12,Chr.12_10393849,24.24,1.173,0.0216,3,TRUE,0.008,17.3,0.00308,46,51.6,68.9
Method1,SV,DTFlower,Chr.12,Chr.12_10539395,24.17,1.173,0.0224,4,TRUE,0.018,9.2,0.149,21,63.6,72.8
Method1,SV,DTFlower,Chr.12,Chr.12_10539395,24.17,1.173,0.0224,4,TRUE,0.018,10.6,0.148,21,56,66.6
AllYears,SV,Flow2Fruit,Chr.12,Chr.12_5849118,23.63,-0.82,0.0345,2,TRUE,0,-7.6,0.0266,52,63,55.4
AllYears,SV,DTFlower,Chr.12,Chr.12_11109173,23.28,1.013,0.017,2,TRUE,0.002,18.5,0.00157,82,51.7,70.3
AllYears,SV,DTFlower,Chr.12,Chr.12_11109173,23.28,1.013,0.017,2,TRUE,0.002,21.7,0.00594,80,42.2,63.9
AllYears,SV,DTFlower,Chr.12,Chr.12_9508696,22.73,1.034,0.017,1,TRUE,0,19,0.00681,84,51,70
AllYears,SV,DTFlower,Chr.12,Chr.12_9508696,22.73,1.034,0.017,1,TRUE,0,22.7,0.039,82,41.2,63.8
AllYears,SV,DTFlower,Chr.12,Chr.12_10348925,22.25,1.165,0.0321,1,TRUE,0,19,0.000392,71,59.3,78.3
AllYears,SV,DTFlower,Chr.12,Chr.12_10122897,21.87,1.106,0.0294,1,TRUE,0,20.4,0.000515,74,50.3,70.7
AllYears,SV,DTFlower,Chr.12,Chr.12_10122897,21.87,1.106,0.0294,1,TRUE,0,25,0.000983,72,39.9,64.9
Method1,SV,DTFlower,Chr.12,Chr.12_10122897,21.13,1.106,0.0449,1,TRUE,0,20.4,0.000515,74,50.3,70.7
Method1,SV,DTFlower,Chr.12,Chr.12_10122897,21.13,1.106,0.0449,1,TRUE,0,25,0.000983,72,39.9,64.9
AllYears,SV,DTFlower,Chr.12,Chr.12_9830637,20.79,1.027,0.0245,2,TRUE,0.003,3,0.774,36,63.2,66.1
AllYears,SV,DTFlower,Chr.12,Chr.12_9830637,20.79,1.027,0.0245,2,TRUE,0.003,3,0.724,34,56.4,59.3
AllYears,SV,DTFlower,Chr.12,Chr.12_11007089,20.47,1.084,0.0256,1,TRUE,0,16.3,0.0039,83,53.4,69.7
AllYears,SV,DTFlower,Chr.12,Chr.12_9964252,20.38,1.078,0.0256,1,TRUE,0,15.3,0.0291,83,54.1,69.4
AllYears,SV,DTFlower,Chr.12,Chr.12_9751696,20.36,1.04,0.0436,1,TRUE,0,17.4,0.0085,74,52.9,70.3
Method1,SV,DTFlower,Chr.12,Chr.12_11109173,20.09,1.013,0.0412,2,TRUE,0.002,18.5,0.00157,82,51.7,70.3
Method1,SV,DTFlower,Chr.12,Chr.12_11109173,20.09,1.013,0.0412,2,TRUE,0.002,21.7,0.00594,80,42.2,63.9
Method1,SV,DTFlower,Chr.12,Chr.12_9508696,19.43,1.034,0.0437,1,TRUE,0,19,0.00681,84,51,70
Method1,SV,DTFlower,Chr.12,Chr.12_9508696,19.43,1.034,0.0437,1,TRUE,0,22.7,0.039,82,41.2,63.8
Method1,SV,DTFlower,Chr.12,Chr.12_9830637,19.05,1.027,0.0452,2,TRUE,0.003,3,0.774,36,63.2,66.1
Method1,SV,DTFlower,Chr.12,Chr.12_9830637,19.05,1.027,0.0452,2,TRUE,0.003,3,0.724,34,56.4,59.3
AllYears,SV,DTFlower,Chr.12,Chr.12_10295809,18.92,1.191,0.0424,1,TRUE,0,21.2,0.0117,81,48.6,69.7
AllYears,SV,DTFlower,Chr.12,Chr.12_9934058,18.27,1.079,0.0466,1,TRUE,0,15,0.0206,81,54.7,69.8
AllYears,SV,DTFlower,Chr.12,Chr.12_9836005,17.48,1.044,0.0466,1,TRUE,0,14.2,0.0138,84,55.8,69.9
AllYears,SNP,Flow2Fruit,Chr.01,Chr.01_162702,16.22,-0.406,0.0102,1,TRUE,0,-9.8,0.00602,84,67.3,57.5
AllYears,SNP,Flow2Fruit,Chr.01,Chr.01_151147,12.53,-0.416,0.0286,1,TRUE,0,-12.4,0.0259,88,71.6,59.2
Method1,SV,DTFlower,Chr.12,Chr.12_10300977,45.82,1.175,0.0528,5,FALSE,0.031,23.4,0.00612,24,50.6,74
Method1,PAN,DTFlower,Chr.05,Chr.05_47900362,28.52,-0.55,0.0438,1,FALSE,0,,,,,
AllYears,PAN,DTFlower,Chr.05,Chr.05_47900362,27.32,-0.55,0.033,2,FALSE,0,,,,,
Method1,PAN,DTFlower,Chr.05,Chr.05_47712013,26.67,-0.11,0.0371,2,FALSE,0,,,,,
AllYears,PAN,DTFlower,Chr.05,Chr.05_47712013,26.6,-0.11,0.0187,3,FALSE,0,,,,,
